trial_number,f1_score,f1,precision,recall,specificity,roc_auc,accuracy,loss,true_positives_tp,false_positives_fp,false_negatives_fn,true_negatives_tn,runtime_sec,samples_per_sec,threshold,encoder_lr,head_lr,label_smoothing_factor,weight_decay
0,0.9265658747300216,0.9265658747300216,0.9428571428571428,0.910828025477707,0.9446808510638298,0.9735420336992365,0.9277364505844846,0.41271260380744934,429,26,42,444,1551.7749415409999,2.425609474181956,0.5,4.667266493279466e-05,9.601925200499018e-05,0.18689767899352147,3.773952772546373e-05
1,0.9135021097046413,0.9135021097046413,0.9077568134171907,0.9193205944798302,0.9063829787234042,0.9617111623074491,0.9128586609989373,0.44136500358581543,433,44,38,426,1618.3494816250002,2.325826431643511,0.5,4.949112460105462e-06,5.773981230982648e-05,0.19817718995194092,0.004533402132300893
2,0.8767123287671232,0.8767123287671232,0.8702928870292888,0.8832271762208068,0.8680851063829788,0.9428061616298505,0.8756641870350691,0.4724547564983368,416,62,55,408,2383.045913834,1.5794911789778445,0.5,3.2050047940851883e-06,1.549483552192034e-05,0.19476060850312915,0.015019481966123441
3,0.8699271592091571,0.8699271592091571,0.8530612244897959,0.8874734607218684,0.8468085106382979,0.9416587613497764,0.8671625929861849,0.4838477373123169,418,72,53,398,2778.0607774170003,1.3549019627640082,0.5,1.0428514502396947e-06,9.267287315827914e-05,0.19528157676813698,0.0004939021899555288
4,0.7190146266358738,0.7190146266358738,0.5640096618357487,0.9915074309978769,0.23191489361702128,0.8421669602927225,0.61211477151966,0.6486421823501587,467,361,4,109,2897.1129782499993,1.2992244445619252,0.5,3.381515146976835e-05,1.1774877266670177e-05,0.18324408115678426,0.002766837675251492
5,0.9285714285714286,0.9285714285714286,0.9470198675496688,0.910828025477707,0.948936170212766,0.9734336179247415,0.9298618490967057,0.26741814613342285,429,24,42,446,2925.174820708,1.2867607000285108,0.5,3.677451336238467e-05,0.00026457205691425865,0.031286968863391995,0.027768391951071038
6,0.8577405857740585,0.8577405857740585,0.845360824742268,0.8704883227176221,0.8404255319148937,0.9313637800966709,0.8554729011689692,0.3418864905834198,410,75,61,395,2828.890701458002,1.3305568850928196,0.5,1.0470923340238925e-06,4.449540557625243e-05,0.00314348506066906,0.018004345757920776
7,0.8717413972888426,0.8717413972888426,0.8565573770491803,0.8874734607218684,0.851063829787234,0.9390025748746442,0.869287991498406,0.4892597198486328,418,70,53,400,2150.7737554580017,1.7500678490464776,0.5,1.1854247581131828e-06,4.3424399179389355e-05,0.1981847377434491,0.005729556820288952
8,0.923728813559322,0.923728813559322,0.9217758985200846,0.9256900212314225,0.9212765957446809,0.9631002394181686,0.9234856535600425,0.3113824725151062,436,37,35,433,2045.905554208999,1.8397721205929574,0.5,1.543949908149901e-05,1.0192589227178597e-05,0.003925759410113994,0.022302283186174894
9,0.8886532343584306,0.8886532343584306,0.8877118644067796,0.8895966029723992,0.8872340425531915,0.950444956407824,0.8884165781083954,0.3924289047718048,419,53,52,417,2835.4925900000017,1.3274589442675981,0.5,4.459041968234198e-06,2.697802620495277e-05,0.09300183583963662,5.1038074649782126e-05
10,0.7638603696098563,,,,,,,,,,,,,,,2.528428991867656e-05,0.0002893868427669627,0.06676095221899377,0.053824927236716925
11,0.7713097713097713,,,,,,,,,,,,,,,4.938519719588798e-05,0.0003255738050003866,0.17945291404691519,3.85790277034701e-05
12,0.0,,,,,,,,,,,,,,,3.588386283913939e-05,3.662720901289907e-05,0.18400301942258854,3.102084549015579e-05
13,0.7709750566893424,,,,,,,,,,,,,,,2.8664835092506348e-05,0.0004735015748166933,0.020928244022534938,0.0019961910064467893
14,0.9171974522292994,0.9171974522292994,0.9171974522292994,0.9171974522292994,0.9170212765957447,0.9670190179337761,0.9171094580233794,0.3986187279224396,432,39,39,431,2379.3610672920004,1.5819372905365243,0.5,8.363752060118134e-06,0.00014698767925807387,0.15329692795258487,3.1679972827887846e-05
15,0.8457389428263214,0.8457389428263214,0.8596491228070176,0.832271762208068,0.8638297872340426,0.9232054930659079,0.8480340063761955,0.6639997959136963,392,64,79,406,1757.3102184999989,2.14190981215193,0.5,3.0962273300378496e-05,7.303934231052279e-05,0.0780824827193375,0.0005109828180021504
16,0.714177407126611,,,,,,,,,,,,,,,1.262252842963409e-05,0.00012920261654603563,0.017401252952113366,0.04354769594160414
17,0.894141829393628,0.894141829393628,0.8665338645418327,0.9235668789808917,0.8574468085106383,0.9577991597777478,0.8905419766206164,0.38168731331825256,435,67,36,403,2847.693923250001,1.321771265257413,0.5,2.4137492795237505e-06,0.0008185867555737282,0.10188898240267985,0.015664629265194886
18,0.0,,,,,,,,,,,,,,,4.548591508489602e-05,8.44604393596057e-05,0.034573769632640916,0.007402699846822827
19,0.9326086956521739,0.9326086956521739,0.955456570155902,0.910828025477707,0.9574468085106383,0.9787234042553191,0.9341126461211477,0.2613122761249542,429,20,42,450,2755.904218083,1.365794926870945,0.5,2.371903568696678e-05,0.0008570413766989055,0.004888509526985968,0.09532720645559424
20,0.9359391965255157,0.9359391965255157,0.9577777777777777,0.9150743099787686,0.9595744680851064,0.981090481998464,0.9373007438894793,0.24818801879882812,431,19,40,451,1545.5061911250014,2.435448024481945,0.5,3.051444885236677e-05,0.0009035666109019199,0.008601128876673757,0.0810578826528273
21,0.9159663865546218,0.9159663865546218,0.9064449064449065,0.9256900212314225,0.9042553191489362,0.9685616840583638,0.9149840595111584,0.2837374210357666,436,45,35,425,1521.1416477089952,2.474457264166683,0.5,6.5119068769226105e-06,0.0009123187201919028,0.004937611735222085,0.0668477997539925
22,0.7650602409638554,,,,,,,,,,,,,,,4.59637572267172e-05,0.0005086823420462176,0.012070015069576263,0.08916422461515429
23,0.9272918861959958,0.9272918861959958,0.9205020920502092,0.9341825902335457,0.9191489361702128,0.9726340515878392,0.926673751328374,0.297979474067688,440,38,31,432,1500.1128832920003,2.50914450633868,0.5,1.7933887739786368e-05,0.0009619694416263888,0.06808996976438787,0.017757784283409545
24,0.927038626609442,0.927038626609442,0.9370932754880694,0.9171974522292994,0.9382978723404255,0.9761801508786195,0.9277364505844846,0.2758210599422455,432,29,39,441,2223.760133166994,1.6926285995780739,0.5,1.5872316740011796e-05,0.0009107474610163365,0.007248765885215865,0.010902892841528646
25,0.8400954653937948,,,,,,,,,,,,,,,1.5721911138073746e-05,1.3492869428590402e-05,0.01151392570884549,1.0765880985954179e-05
26,0.77079107505071,,,,,,,,,,,,,,,2.7801271191532213e-05,0.0007471383976240408,0.020703205051109647,0.02991874095890986
27,0.7098718914845517,,,,,,,,,,,,,,,2.7622179112040014e-06,7.251238037224703e-05,0.11129382028890712,0.013172105880622715
28,0.7005917159763314,,,,,,,,,,,,,,,3.812222563779923e-05,0.0001011977105427169,0.03301507839754625,0.08097185684082756
29,0.9051546391752577,,,,,,,,,,,,,,,2.8947898418593756e-06,0.0004705819406971452,0.01111915574020142,2.1177129661969388e-05
30,0.7714808043875686,,,,,,,,,,,,,,,3.6641538281996644e-05,0.0002116410552004696,0.1688748017244061,0.08455865313615514
31,0.772256728778468,,,,,,,,,,,,,,,1.8588409174061348e-05,0.0005843982475112244,0.07332028242298516,0.019330705876865088
32,0.9327641408751334,0.9327641408751334,0.9377682403433476,0.9278131634819533,0.9382978723404255,0.9750056466549215,0.9330499468650372,0.2882833182811737,437,29,34,441,2376.9214769999962,1.5835609364557928,0.5,2.103949833125499e-05,0.0007555807393784082,0.04705084649409938,0.07958865773081693
33,0.9323308270676691,0.9323308270676691,0.9434782608695652,0.921443736730361,0.9446808510638298,0.9782174639743415,0.9330499468650372,0.24962954223155975,434,26,37,444,1785.941619792,2.1075716911946847,0.5,2.4282037409157175e-05,0.0009794101340330637,0.008505894132587682,0.06495427256077882
34,0.7889344262295082,,,,,,,,,,,,,,,2.4910739399451382e-05,0.0007726517353570799,0.012481962819682618,0.09399801821857504
35,0.7969639468690702,,,,,,,,,,,,,,,1.8117692708035192e-05,0.0007461152464098159,0.034889645342895195,0.0922394740584083
36,0.7797979797979798,,,,,,,,,,,,,,,4.960217574427407e-05,0.0008648872088619007,0.07417490598301256,0.022849261116940748
37,0.9265658747300216,0.9265658747300216,0.9428571428571428,0.910828025477707,0.9446808510638298,0.9753941365135294,0.9277364505844846,0.28100699186325073,429,26,42,444,2301.4281222920035,1.6355062161365326,0.5,1.946717586908945e-05,0.0009687776220230543,0.014710611966483067,0.02394354321573049
38,0.7681539807524059,,,,,,,,,,,,,,,4.303351874004994e-05,0.0009002233105280142,0.00409424977139022,0.05869902365256519
39,0.8856502242152466,,,,,,,,,,,,,,,7.984751845714786e-06,0.00026155912112424314,0.09585541595638555,0.0005886400035141622
40,0.859465737514518,,,,,,,,,,,,,,,1.2789466016163568e-05,8.93651703775047e-05,0.005687059382504661,0.00014284958800983073
41,0.7711941659070192,,,,,,,,,,,,,,,3.5225973219082365e-05,0.000231330335797612,0.008496460665446438,0.013053837803625424
42,0.8504672897196262,,,,,,,,,,,,,,,1.2001417674244148e-05,2.893201598883589e-05,0.12298783933197052,0.0055081320781794965
43,0.9301825993555317,0.9301825993555317,0.941304347826087,0.9193205944798302,0.9425531914893617,0.9737543479242896,0.9309245483528161,0.2715059518814087,433,27,38,443,2096.992147500001,1.7949518811920102,0.5,1.5428869326208203e-05,0.000654218791896317,0.020587566876521295,0.0929492451408926
44,0.6868965517241379,,,,,,,,,,,,,,,1.1059418321841546e-05,0.0009396030194326831,0.03546103510836436,0.085613192249096
45,0.7596741344195519,,,,,,,,,,,,,,,1.8913046528761885e-05,0.00041035529185939044,0.0076151407909468,0.05501539238299803
46,0.9297872340425531,0.9297872340425531,0.9317697228144989,0.9278131634819533,0.9319148936170213,0.9748656096128654,0.9298618490967057,0.2735510766506195,437,32,34,438,1949.2450736659957,1.9310039824396978,0.5,1.9442159115687082e-05,0.0007974615830088651,0.007929490380960713,0.05965418463919603
47,0.0,,,,,,,,,,,,,,,4.523418656355744e-05,1.1057237354091269e-05,0.11143170267742342,0.09181367740736976
48,0.9250814332247557,0.9250814332247557,0.9466666666666667,0.9044585987261147,0.948936170212766,0.9745358449654425,0.926673751328374,0.29238057136535645,426,24,45,446,2406.0045610410016,1.5644193119781273,0.5,2.7327737876564613e-05,0.0008126636842585715,0.04802823394671604,0.08563379438564825
49,0.916754478398314,,,,,,,,,,,,,,,6.939229746782994e-06,0.00032454591849585113,0.06292590700392817,0.05344793873182962
